Bulan,Produk,Jumlah,Harga Satuan,Total,Region
Januari,Widget Pro,150,250000,37500000,Jakarta
Januari,Widget Lite,320,120000,38400000,Surabaya
Februari,Widget Pro,180,250000,45000000,Jakarta
Februari,Widget Lite,290,120000,34800000,Bandung
Maret,Widget Pro,210,250000,52500000,Jakarta
Maret,Widget Lite,345,120000,41400000,Surabaya
April,Widget Pro,195,250000,48750000,Medan
April,Widget Lite,410,120000,49200000,Jakarta
Mei,Widget Pro,230,250000,57500000,Jakarta
Mei,Widget Lite,380,120000,45600000,Bandung
Juni,Widget Pro,255,250000,63750000,Surabaya
Juni,Widget Lite,425,120000,51000000,Jakarta
Juli,Widget Pro,275,250000,68750000,Jakarta
Juli,Widget Lite,460,120000,55200000,Surabaya
Agustus,Widget Pro,290,250000,72500000,Bandung
Agustus,Widget Lite,445,120000,53400000,Jakarta
September,Widget Pro,310,250000,77500000,Jakarta
September,Widget Lite,480,120000,57600000,Medan
